"","PROLIFIC_PID","I.would.feel.a.sense.of.loss.if.an.intelligent.system.was.unavailable.and.I.could.no.longer.use.it.","Intelligent.systems.help.me.to.understand.the.world.around.me.","Intelligent.systems.help.me.to.plan.","I.spend.a.lot.of.my.time.interacting.with.intelligent.systems.on.an.average.day.","I.m.concerned.that.intelligent.systems.will.collect.too.much.personal.information.from.me.","I.worry.that.intelligent.systems.will.lead.to.a.surveillance.state.","I.m.worried.about.the.general.safety.of.intelligent.systems.","I.am.suspicious.of.an.intelligent.system.s.action..or.outputs.","I.have.the.knowledge.necessary.to.use.intelligent.systems.","I.find.it.easy.to.learn.to.use.new.intelligent.systems.","Intelligent.systems.are.difficult.to.navigate.","I.find.intelligent.systems.easy.to.use.","Truck.driving.should.be.left.to.humans.rather.being.handled.by.a.system.","Deliveries.of.products.to.customers.can.only.be.done.by.humans.","I.would.not.use.a.self.driving.driverless.car.as.my.primary.means.of.transportation.","Final.decisions.about.who.to.hire.for.a.job.should.be.made.by.qualified.people.and.not.by.automated.hiring.systems.","When.sentencing.persons.convicted.of.crimes..automated.systems.should.be.used.instead.of.human.judges.or.juries.","Automated.education.systems.are.more.effective.than.human.led.classrooms.","Music.streaming.applications.have.the.ability.to.make.music.recommendations.for.me.that.I.will.enjoy.","When.shopping.online.personalized.computer.generated.ads.are.very.helpful.recommendations.","Social.media.feeds.are.useful.for.suggesting.content.that.I.would.like","abilitySub","integritySub","understandingSub","intTotal","abilityDiff","integrityDiff","understandingDiff","intTotalDiff","transportSub","decisionSub","socialSub","specTotal","transportDiff","decisionDiff","socialDiff","Final.Dot.Difference","Num.Of.Trials","Choice.of.Human","Choice.of.Algorithm","Human.Trials.Changed.to.Algor","Algor.Trials.Changed.to.Human","Algor.Default.Trials.Not.Changed","Human.Default.Trials.Not.Changed","Block.4.Human.Acc","Block.4.Algor.Acc","Human.Choice.After.Block.4","Algor.Choice.After.Block.4","Advisor.Changed","Left.Box.Chosen","Preference.Strength","Max.Cj","Min.Cj","Cj.Range","Num.of.Unique.Cj.Values","Advice.Ignored.Trials","Mean.Cj.Change","Cj1.Mean.Resolution","Cj2.Mean.Resolution","Mean.Cj1.Accuracy","Mean.Cj2.Accuracy","Sway.of.Human.Advice","Sway.of.Algor.Advice","Mean.RT1","Mean.RT2","Mean.CTC","AccQuant1","AccQuant2","AccQuant3","AccQuant4","AdvQuant1","AdvQuant2","AdvQuant3","AdvQuant4","CjQuant1","CjQuant2","CjQuant3","CjQuant4","Mean.Cj1","Mean.Cj2","St.Dev.Cj1","St.Dev.Cj2","Human.Agreed..","Algor.Agreed..","Algor.Agreed...Diff","Human.Agreed.Conf.Diff","Algor.Agreed.Conf.Diff","Human.Disagreed.Conf.Diff","Algor.Disagreed.Conf.Diff","Algor.Relative.Influence","dd.Block.1.End","dd.Block.2.End","Block.1.Accuracy","Block.2.Accuracy","The.human.advisor.is.reliable.","I.am.confident.in.the.human.advisor.","I.can.trust.the.human.advisor.","The.human.advisor.is.dependable.","The.computer.advisor.is.reliable.","I.am.confident.in.the.computer.advisor.","I.can.trust.the.computer.advisor.","The.computer.advisor.is.dependable.","This.task.would.be.much.harder.without.an.advisor.","I.believe.the.human.s.advice.was.from.a.real.person.who.was.a.past.participant.","I.believe.the.computer.s.advice.was.from.a.real.algorithm.","I.feel.that.the.task.was.too.easy.","humanTrustReport","algorTrustReport","algorTrustDiff","influenceR","humanAgConfDiffR","humanDisConfDiffR","algorAgConfDiffR","algorDisConfDiffR"
"1","58dff341282ab00001e9ce26",4,4,5,5,4,5,5,4,5,6,6,6,2,4,2,4,2,4,5,4,5,18,18,23,59,2,2,7,11,8,10,14,32,-4,-2,2,14,240,0.5,0.5,0,0,1,1,0.733,0.767,0.5,0.5,0,0.35,0,39,3,36,30,58,3.446,6.8,7.653,0.642,0.629,2.789,2.075,1.451,1.077,3.09,0.783,0.692,0.636,0.528,0.517,0.5,0.582,0.415,0.25,0.217,0.229,0.221,14.571,16.377,7.14,9.418,0.625,0.55,-0.075,2.417,-2.5,3.429,-1.556,0.067,13,14,0.733,0.667,3,3,3,2,3,3,3,2,3,3,4,2,11,11,0,2.59818181818182,0.72,0.666666666666667,1.31818181818182,-1.33333333333333
"2","592c3fb1899457000144c57f",4,2,5,5,2,3,3,4,5,3,5,5,3,6,4,1,1,2,6,5,3,16,12,18,46,0,-4,2,-2,13,4,14,31,1,-8,2,10,240,0.981,0.019,0.0125,0.975,0.025,0.9875,0.771,0.75,0.983,0.017,0.49375,0.604,0.481,44,1,43,32,3,7.692,1.881,2.11,0.688,0.754,0.906,0.757,1.722,1.819,3.824,0.729,0.653,0.542,0.778,0.186,0.163,0.125,0.222,0.246,0.204,0.2,0.225,14.425,17.524,6.907,9.589,0.821,0.78,-0.04,-1.12,-0.75,-0.143,-0.778,1.005,14,10,0.633,0.767,4,4,3,4,3,2,2,2,4,3,3,1,15,9,-6,-4.7177807486631,7.45454545454545,-15.5882352941176,6.2,-12.125
"3","5aeb368c2dd3400001786f61",6,5,5,3,6,6,3,5,7,7,7,7,7,7,7,1,1,2,6,6,5,19,20,28,67,3,4,12,19,21,4,17,42,9,-8,5,14,240,0,1,1,0,1,0,0.778,0.667,0,1,0.5,0.625,0.5,50,4,46,39,0,13.3,0.433,3.73,0.792,0.783,0.618,1.974,1.726,1.655,3.66,0.933,0.754,0.607,0.867,0.833,0.772,0.875,0.9,0.25,0.237,0.233,0.25,22.438,29.402,9.544,14.695,0.769,0.756,-0.013,-3.8,-4.714,12.889,5.7,6.275,14,14,0.567,0.633,4,2,3,2,4,4,4,4,5,2,2,1,11,16,5,3.6237922705314,12.3478260869565,-17.125,14.6521739130435,-18.4444444444444
"4","5b22abb49997ca0001c600ae",1,4,3,2,3,1,3,3,3,3,3,3,4,6,7,1,1,1,5,5,4,10,10,12,32,-6,-6,-4,-16,17,3,14,34,5,-9,2,15,240,0.5,0.5,0.175,0.175,0.825,0.825,0.657,0.64,0.467,0.533,0.175,0.475,0,44,1,43,35,21,4.625,0.7,1.819,0.692,0.717,0.658,0.059,1.275,1.271,3.276,0.776,0.655,0.581,0.788,0.569,0.455,0.488,0.462,0.242,0.229,0.179,0.217,10.879,12.224,8.267,9.655,0.81,0.789,-0.02,-0.7,-0.654,-0.5,2.375,-2.829,14,15,0.533,0.433,2,3,3,2,3,3,3,4,5,1,4,1,10,13,3,3.05422714540362,2.81818181818182,-9.15,3.9047619047619,-11.1176470588235
"5","5be1b1f951a5be0001fdf44d",7,3,6,7,2,5,1,7,7,7,4,6,1,6,1,1,2,1,7,1,4,23,15,24,62,7,-1,8,14,8,4,12,24,-4,-8,0,14,240,0.95,0.05,0,0.9,0.1,1,0.745,0.615,0.958,0.042,0.45,0.575,0.45,50,1,49,31,37,4.417,0.488,17.58,0.754,0.712,2.094,0.967,1.364,1.39,3.409,0.759,0.741,0.736,0.763,0.185,0.204,0.283,0.119,0.225,0.225,0.221,0.246,32.704,35.487,6.393,4.738,1,1,0,-2.094,-0.967,NA,NA,NA,15,14,0.467,0.5,1,3,4,2,4,3,5,4,2,4,5,2,10,16,6,0.912878787878782,3.04545454545455,-67.1666666666667,2.875,-68.25
"6","5c46e8de59a3a60001a265e8",5,4,4,3,2,3,4,5,5,5,5,5,7,6,7,2,4,4,5,5,4,16,14,20,50,0,-2,4,2,20,10,14,44,8,-2,2,13,240,0,1,1,0,1,0,0.909,0.735,0,1,0.5,0.463,0.5,39,5,34,33,2,10.112,8.074,12.996,0.825,0.842,3.975,0.205,1.296,1.247,3.253,0.944,0.855,0.766,0.769,0.796,0.8,0.83,0.865,0.225,0.229,0.196,0.217,16.254,21.823,6.696,11.618,0.75,0.6,-0.15,-4.8,-2.391,-1.5,2.938,-2.029,14,13,0.6,0.7,4,3,3,4,4,3,3,4,4,4,4,2,14,14,0,2.6572842362316,11.8888888888889,-7.23076923076923,11.1578947368421,-10.6190476190476
"7","5c474d6ca8703f0001b6cf26",3,4,6,3,2,2,2,3,5,5,3,3,2,3,4,3,1,5,5,5,6,16,9,16,41,0,-7,0,-7,9,9,16,34,-3,-3,4,15,240,0.381,0.619,0.425,0.1875,0.8125,0.575,0.565,0.676,0.408,0.592,0.30625,0.458,0.119,50,3,47,34,99,8.046,14.72,20.682,0.788,0.742,0.359,0.447,1.582,1.344,3.354,0.933,0.729,0.636,0.847,0.517,0.627,0.564,0.593,0.25,0.246,0.229,0.246,42.208,44.735,9.895,9.751,0.829,0.795,-0.034,-0.031,-1.067,-1.857,1.875,-4.768,15,15,0.667,0.667,4,3,4,4,4,4,4,4,2,5,1,4,15,16,1,-10.2392307692308,6.17857142857143,-41.7692307692308,5.28,-32.4285714285714
"8","5c618b9f21fb620001408d79",3,5,3,3,3,5,5,3,3,3,3,3,2,1,2,1,1,2,7,5,5,14,16,12,42,-2,0,-4,-6,5,4,17,26,-7,-8,5,13,240,0.662,0.338,0.125,0.45,0.55,0.875,0.773,0.75,0.592,0.408,0.2875,0.733,0.162,50,1,49,47,9,7.821,3.918,2.207,0.825,0.846,3.684,2.769,1.486,1.594,3.603,1,0.816,0.491,0.982,0.421,0.388,0.436,0.291,0.237,0.204,0.229,0.229,19.038,25.776,12.732,14.273,0.795,0.707,-0.088,-5.133,-3.704,1.75,-0.667,3.846,15,13,0.667,0.7,4,4,4,4,4,4,4,4,4,4,4,2,16,16,0,-2.30371352785146,10.0344827586207,-2.9,8.23076923076923,-2.4
"9","5c66cc9246bfc200019044b8",4,3,5,5,3,6,4,4,5,6,4,6,3,5,5,2,1,5,6,4,5,17,17,21,55,1,1,5,7,13,8,15,36,1,-4,3,14,240,0.15,0.85,0.8625,0.1625,0.8375,0.1375,0.706,0.767,0.133,0.867,0.5125,0.646,0.35,49,1,48,48,51,10.079,2.548,8.363,0.804,0.804,0.462,2.657,1.812,1.636,3.66,0.927,0.78,0.554,0.946,0.6,0.763,0.839,0.786,0.229,0.246,0.233,0.233,19.471,29.514,14.736,8.775,0.641,0.829,0.188,1.36,4.821,-3.714,-6,5.747,15,14,0.633,0.6,2,4,2,3,4,4,3,4,5,1,2,3,11,15,4,25.611004784689,6,2.8,8.86363636363636,-19.9473684210526
"10","5c6aa1774b5bb30001b3d699",3,5,3,4,2,2,2,4,4,4,5,4,1,4,2,3,4,2,7,5,6,15,10,17,42,-1,-6,1,-6,7,9,18,34,-5,-3,6,15,240,0.512,0.488,0,0.025,0.975,1,0.6,0.633,0.517,0.483,0.0125,0.583,0.012,50,4,46,46,68,3.15,0.665,1.241,0.733,0.75,1.189,1.275,3.294,2.985,4.997,0.825,0.644,0.684,0.776,0.491,0.475,0.439,0.552,0.237,0.246,0.237,0.242,34.483,36.519,11.934,11.371,0.7,0.575,-0.125,-1.88,2.13,0.25,0.118,4.143,15,15,0.667,0.567,3,4,4,4,2,3,4,3,4,3,4,2,15,12,-3,-7.67171717171717,3.4,-9.26666666666667,3.27272727272727,-1.72222222222222
"11","5c87a8183e93bf0001e1582c",5,4,5,4,1,3,1,2,3,5,4,5,2,3,2,1,3,2,5,4,4,18,7,17,42,2,-9,1,-6,7,6,13,26,-5,-6,1,14,240,0.55,0.45,0,0.1,0.9,1,0.625,0.571,0.542,0.458,0.05,0.467,0.05,50,7,43,43,10,9.004,0.361,0.912,0.862,0.871,0.757,2.632,3.11,2.615,4.629,0.93,0.81,0.719,1,0.491,0.414,0.526,0.433,0.237,0.242,0.237,0.25,25.504,31.241,11.825,14.545,0.8,0.675,-0.125,0.828,0.462,0.5,-9.333,9.467,14,14,0.667,0.567,4,4,4,4,2,1,3,2,1,3,2,2,16,8,-8,-7.45809523809524,8.82142857142857,-10.5833333333333,8.88,-3.06666666666667
"12","5c87baccd7c01f001660dcd8",4,2,5,3,4,4,5,5,4,4,5,4,5,5,5,4,4,4,5,4,5,14,18,17,49,-2,2,1,1,15,12,14,41,3,0,2,12,240,0.463,0.537,0.1375,0.0625,0.9375,0.8625,0.742,0.793,0.45,0.55,0.1,0.371,0.037,50,2,48,40,34,3.242,16.125,18.719,0.771,0.775,0.105,0.256,1.689,1.555,3.577,0.915,0.684,0.736,0.727,0.542,0.491,0.566,0.509,0.246,0.237,0.221,0.229,32.988,32.15,8.619,9.278,0.6,0.55,-0.05,1,-0.19,-1.625,0.778,-3.593,15,12,0.667,0.7,1,2,2,2,1,2,2,2,1,5,5,1,7,7,0,1.1989898989899,-1.45454545454545,-7.05555555555556,0.25,-6.55
"13","5cb8bade96f5cc00170f04b2",5,5,5,5,2,3,3,4,5,6,5,6,3,3,3,3,3,3,6,5,6,20,12,22,54,4,-4,6,6,9,9,17,35,-3,-3,5,15,240,0.963,0.037,0.025,0.95,0.05,0.975,0.717,0.714,0.983,0.017,0.4875,0.517,0.463,40,3,37,37,0,6.417,7.49,8.51,0.846,0.862,1.333,1.878,1.427,1.537,3.544,0.926,0.912,0.732,0.86,0.222,0.175,0.161,0.105,0.225,0.237,0.233,0.237,19.35,22.159,7.657,9.745,0.744,0.732,-0.012,-2.379,-3.1,1.7,1.455,-0.475,14,15,0.633,0.6,3,4,4,3,3,3,3,3,4,4,4,2,14,12,-2,-0.210289710289711,6.42857142857143,-6.54545454545455,6.07142857142857,-6.69230769230769
"14","5d26d07028899100016eb25c",5,6,5,5,2,2,3,3,6,6,5,6,5,6,3,2,2,6,6,6,5,21,10,23,54,5,-6,7,6,14,10,17,41,2,-2,5,14,240,0.025,0.975,0.95,0,1,0.05,0.769,0.723,0.008,0.992,0.475,0.371,0.475,34,5,29,26,17,4.221,8.856,5.39,0.788,0.788,1.075,0.487,1.545,1.456,3.461,0.965,0.694,0.673,0.911,0.877,0.755,0.855,0.821,0.237,0.204,0.229,0.233,16.804,14.042,5.472,5.551,0.8,0.775,-0.025,-0.656,-0.433,-2.75,-0.667,-1.86,14,14,0.7,0.633,4,4,4,4,4,4,3,4,2,2,2,2,16,15,-1,1.23809523809524,-1.32142857142857,-11,0,-10.9166666666667
"15","5d45dfff082935001aed2fe7",5,6,6,4,5,5,4,4,3,6,1,6,6,2,4,4,5,5,5,4,6,21,18,16,55,5,2,0,7,12,14,15,41,0,2,3,15,240,0.494,0.506,0.0125,0,1,0.9875,0.857,0.656,0.5,0.5,0.00625,0.221,0.006,32,7,25,25,18,4.346,8.072,5.489,0.633,0.717,1.081,1.9,0.828,0.785,2.79,0.855,0.552,0.641,0.6,0.473,0.534,0.538,0.52,0.229,0.242,0.163,0.208,17.825,16.974,4.729,6.089,0.744,0.854,0.11,-0.036,-2.343,-4.333,1.2,-7.84,15,15,0.367,0.6,4,4,4,4,5,4,4,4,3,5,4,1,16,17,1,6.72487922705314,-1.75,-15.2666666666667,-0.869565217391304,-21.1111111111111
"16","5d5a7d896c04b2001a1edff8",1,2,5,5,1,6,6,2,3,3,3,3,1,1,2,1,2,2,6,6,5,13,15,12,40,-3,-1,-4,-8,4,5,17,26,-8,-7,5,13,240,0.969,0.031,0.0125,0.95,0.05,0.9875,0.689,0.733,1,0,0.48125,0.625,0.469,42,1,41,29,0,10.938,1.267,2.412,0.662,0.704,4.75,4.324,1.427,1.409,3.427,0.807,0.581,0.5,0.771,0.193,0.209,0.179,0.167,0.237,0.179,0.233,0.2,9.979,18.705,6.08,12.223,0.825,0.8,-0.025,-6.414,-6.103,2.143,2.125,0.328,13,13,0.567,0.633,4,3,4,2,2,2,3,2,4,4,4,2,13,9,-4,-2.52797798961482,15.5217391304348,-11.2941176470588,16.4545454545455,-7.83333333333333
"17","5d8794b64a462d001a65469d",2,4,5,3,1,2,1,2,3,4,6,6,5,7,4,1,1,2,6,5,1,14,6,19,39,-2,-10,3,-9,16,4,12,32,4,-8,0,8,240,0.4,0.6,0.6375,0.4375,0.5625,0.3625,0.739,0.649,0.433,0.567,0.5375,0.275,0.1,46,1,45,35,30,8.792,0.641,0.474,0.642,0.658,2.244,5.5,4.031,3.66,5.671,0.805,0.5,0.564,0.685,0.488,0.556,0.615,0.519,0.171,0.15,0.163,0.225,8.075,13.955,8.915,14.299,0.78,0.795,0.014,-0.938,6.792,-6.889,1.625,-0.785,12,8,0.633,0.767,1,1,1,1,1,1,1,1,3,4,4,2,4,4,0,-10.0155502392345,14.8181818181818,-9.26315789473684,7.31578947368421,-6.75
"18","5d8b81a04733e500170bfcd7",3,5,5,3,3,3,3,4,5,5,5,4,5,5,4,4,4,3,4,3,4,16,13,19,48,0,-3,3,0,14,11,11,36,2,-1,-1,12,240,0.35,0.65,0.3,0,1,0.7,0.889,0.647,0.467,0.533,0.15,0.438,0.15,18,1,17,16,48,1.975,3.438,3.817,0.842,0.862,0.39,0.308,1.197,1.108,3.126,0.906,0.952,0,0.797,0.491,0.714,0,0.593,0.221,0.175,0,0.246,6.254,7.216,2.307,3.802,0.634,0.667,0.033,0.346,0.077,0.467,0.769,-0.572,12,12,0.767,0.7,2,2,2,3,2,2,2,3,1,4,3,2,9,9,0,0.292044817927171,0.333333333333333,-1.41176470588235,0.68,-1.35714285714286
"19","5d962de43d59240015f2e606",4,5,4,5,2,2,3,2,6,5,5,6,3,5,1,2,4,1,5,3,2,18,9,22,49,2,-7,6,1,9,7,10,26,-3,-5,-2,13,240,0.5,0.5,0,0,1,1,0.867,0.6,0.5,0.5,0,0.217,0,16,4,12,13,93,0.833,0.598,0.199,0.467,0.642,0.514,0.667,3.064,2.678,4.695,0.527,0,0.342,0.609,0.473,0,0.579,0.413,0.229,0,0.158,0.192,8.254,7.647,1.897,1.869,0.927,0.846,-0.081,-0.559,-0.767,0,-0.167,-0.041,14,13,0.667,0.633,4,4,4,3,3,2,3,3,4,4,3,2,15,11,-4,-1.3100845410628,-0.111111111111111,-13.1739130434783,0.1875,-11.5652173913043
"20","5dc015e49db86f45df7a0077",5,5,5,6,2,3,2,2,2,3,4,4,6,7,6,2,6,2,6,2,5,21,9,13,43,5,-7,-3,-5,19,10,13,42,7,-2,1,9,240,0.444,0.556,0.5125,0.4,0.6,0.4875,0.645,0.724,0.425,0.575,0.45625,0.425,0.056,50,8,42,33,141,1.525,7.846,7.001,0.725,0.712,0.049,0.026,3.98,1.846,3.85,0.831,0.731,0.54,0.793,0.475,0.596,0.44,0.603,0.246,0.217,0.208,0.242,35.746,35.929,10.349,10.837,0.659,0.667,0.008,-0.37,-0.192,0.857,0.462,0.574,7,9,0.8,0.633,3,3,4,4,2,1,2,2,2,2,2,3,14,7,-7,-0.0897435897435894,0.666666666666667,-1,0.0384615384615385,-1.53846153846154
"21","5dc4b80162ec503817640faf",3,4,5,5,5,5,5,3,4,7,6,7,1,5,1,1,1,3,5,3,5,17,18,24,59,1,2,8,11,7,5,13,25,-5,-7,1,13,240,0.863,0.137,0.075,0.8,0.2,0.925,0.723,0.692,0.842,0.158,0.4375,0.479,0.363,19,1,18,15,109,1.017,1.058,1.325,0.608,0.692,1.031,0.919,2.74,2.493,4.512,0.771,0.627,0.565,0.596,0.125,0.216,0.326,0.298,0.2,0.212,0.192,0.196,3.825,3.221,2.975,2.916,0.9,0.9,0,-1.036,-1,-1,-0.25,-0.714,14,13,0.533,0.7,3,2,2,4,3,2,2,4,4,5,4,1,11,11,0,-0.789473684210527,-0.0526315789473684,-4.85714285714286,-0.142857142857143,-4.15789473684211
"22","5e152c33814bbab3e0eb7371",3,5,6,1,3,6,5,5,5,5,6,5,3,3,5,1,1,1,6,1,6,15,19,21,55,-1,3,5,7,11,3,13,27,-1,-9,1,14,240,0.044,0.956,0.95,0.0375,0.9625,0.05,0.833,0.75,0.05,0.95,0.49375,0.833,0.456,50,1,49,49,31,8.592,7.75,5.246,0.683,0.754,0.487,3.929,2.325,2.044,4.047,0.948,0.643,0.5,0.667,0.845,0.768,0.776,0.85,0.242,0.233,0.242,0.25,27.5,33.456,16.693,16.885,0.634,0.718,0.084,-5.167,-7.882,7,2.182,2.102,15,14,0.567,0.567,4,3,4,5,2,4,4,3,4,5,3,2,16,13,-3,2.53565062388592,7.33333333333333,-7.29411764705882,10.1176470588235,-7.04545454545455
"23","5e2707ab5299ce926cdcc3d9",6,5,5,3,5,5,3,2,5,6,2,6,2,2,2,2,6,4,6,5,6,19,15,19,53,3,-1,3,5,6,12,17,35,-6,0,5,14,240,0.006,0.994,1,0.0125,0.9875,0,0.7,0.76,0.008,0.992,0.50625,0.629,0.494,50,2,48,43,38,14.121,1.486,1.027,0.583,0.708,0.114,6.242,1.62,1.688,3.691,0.632,0.544,0.481,0.635,0.86,0.807,0.815,0.808,0.237,0.237,0.225,0.217,18.6,33.49,13.649,12.797,0.625,0.9,0.275,-0.286,6.931,0.143,1.25,6.11,14,14,0.467,0.633,2,2,2,2,2,4,4,4,5,3,4,1,8,14,6,44.7628541049594,1.38095238095238,-5.31578947368421,20.1818181818182,-31.2777777777778
"24","5e2790f18459669c2c6b1736",2,4,4,7,3,3,5,3,6,6,6,6,4,5,4,2,4,2,6,5,5,17,14,24,55,1,-2,8,7,13,8,16,37,1,-4,4,9,240,0.706,0.294,0.3125,0.725,0.275,0.6875,0.759,0.742,0.775,0.225,0.51875,0.692,0.206,45,1,44,40,38,4.008,2.718,1.52,0.712,0.712,1.833,0.528,1.083,1.102,3.108,0.714,0.661,0.636,0.891,0.411,0.357,0.4,0.304,0.233,0.233,0.229,0.192,11.842,10.94,9.935,10.161,0.75,0.7,-0.05,1.538,-1.25,2.6,4.083,-4.272,7,9,0.867,0.667,2,3,2,3,2,2,2,2,2,4,4,2,10,8,-2,0.625,1.5,-4.875,1.5,-5.5
"25","5e35e1e5077089582bae3a34",5,2,6,3,3,2,2,2,6,5,5,5,3,6,3,2,4,5,2,1,5,16,9,21,46,0,-7,5,-2,12,11,8,31,0,-1,-4,11,240,0.444,0.556,0.6125,0.5,0.5,0.3875,0.615,0.676,0.467,0.533,0.55625,0.529,0.056,45,4,41,39,119,4.621,6.466,1.954,0.829,0.825,0.895,0.667,1.878,1.795,3.805,0.855,0.729,0.8,0.897,0.564,0.5,0.527,0.586,0.229,0.2,0.229,0.242,26.217,24.797,8.381,10.835,0.675,0.75,0.075,-1.32,-0.154,-0.077,2.8,-1.711,14,11,0.633,0.733,4,3,2,3,2,2,4,4,4,4,4,2,12,12,0,6.27083333333333,-0.208333333333333,-6.75,0.375,-12.4375
"26","5e418df8a3b8cc01e3363110",5,5,4,5,1,4,4,5,7,6,6,6,2,4,1,1,1,2,7,5,6,19,14,25,58,3,-2,9,10,7,4,18,29,-5,-8,6,11,240,0.438,0.562,0.4125,0.2875,0.7125,0.5875,0.6,0.7,0.5,0.5,0.35,0.196,0.062,50,2,48,48,2,15.375,7.275,1.357,0.667,0.704,7.425,7.583,1.652,2.183,4.19,0.831,0.576,0.574,0.69,0.542,0.61,0.444,0.5,0.246,0.246,0.225,0.242,26.912,21.693,11.213,18.016,0.829,0.692,-0.137,-5.212,-1.88,-17.857,-20.545,6.02,12,11,0.767,0.733,3,3,3,4,1,1,2,2,2,4,3,1,13,6,-7,-2.07406015037594,7.65,-28.5714285714286,8.2,-25.9473684210526
"27","5e47c24de4317f27a1b10996",4,4,5,3,2,2,2,3,7,6,6,6,6,7,4,4,4,2,7,4,5,16,9,25,50,0,-7,9,2,17,10,16,43,5,-2,4,13,240,0.175,0.825,0.65,0,1,0.35,0.812,0.659,0.183,0.817,0.325,0.404,0.325,40,5,35,30,0,5.292,9.369,7.739,0.742,0.758,0.875,0.641,1.746,3.757,5.773,0.881,0.717,0.804,0.547,0.729,0.826,0.732,0.547,0.246,0.192,0.233,0.221,17.571,20.187,6.112,7.847,0.7,0.65,-0.05,1.286,0.24,-0.083,1.357,-2.486,14,13,0.6,0.667,3,3,3,3,4,4,3,4,4,1,3,2,12,15,3,0.963333333333333,5.12,-7.66666666666667,4.1,-9.65
"28","5e4a932344498f4e361fee0d",2,1,3,2,3,3,3,5,6,6,6,6,4,5,5,2,2,4,5,3,5,8,14,24,46,-8,-2,8,-2,14,8,13,35,2,-4,1,11,240,0.45,0.55,0.425,0.325,0.675,0.575,0.714,0.719,0.45,0.55,0.375,0.604,0.05,47,3,44,44,4,10.342,3.042,0.822,0.758,0.754,6.243,1.475,1.507,1.69,3.699,0.831,0.75,0.615,0.831,0.475,0.462,0.635,0.559,0.246,0.217,0.217,0.246,25.125,32.407,10.557,12.867,0.718,0.585,-0.133,-5.667,-3.652,-7.8,1.471,-7.256,14,11,0.733,0.767,2,3,3,2,3,5,4,4,4,2,4,1,10,16,6,10.9547619047619,7,0.583333333333333,12.5714285714286,-4.8
"29","5e4dc0e1506e2f222ce980be",4,5,6,5,4,4,4,4,5,5,5,6,2,5,2,3,2,2,6,5,6,20,16,21,57,4,0,5,9,9,7,17,33,-3,-5,5,15,240,0.512,0.488,0.4,0.425,0.575,0.6,0.647,0.615,0.475,0.525,0.4125,0.492,0.012,46,1,45,44,8,6.196,3.656,7.729,0.854,0.858,0.282,0.282,1.912,1.618,3.626,0.964,0.842,0.729,0.9,0.2,0.702,0.644,0.417,0.229,0.237,0.246,0.25,13.658,18.739,10.854,13.321,0.769,0.78,0.011,0,0.333,1.222,0.111,1.444,13,15,0.633,0.667,4,4,4,4,3,3,3,3,2,4,2,4,16,12,-4,6.19855144855145,7.25,-2.72727272727273,6.71428571428571,-9.46153846153846
"30","5e53d07dc85a5901e8a08ef4",5,5,5,5,2,4,2,4,5,4,4,4,3,6,4,2,6,4,4,4,4,20,12,17,49,4,-4,1,1,13,12,12,37,1,0,0,9,240,0.369,0.631,0.4125,0.15,0.85,0.5875,0.773,0.658,0.392,0.608,0.28125,0.525,0.131,50,2,48,47,33,7.171,4.095,1.416,0.838,0.817,1.325,0.842,1.412,1.583,3.587,0.917,0.733,0.741,0.966,0.617,0.517,0.621,0.621,0.25,0.25,0.242,0.242,30.246,36.731,12.174,12.097,0.625,0.725,0.1,-1.6,-1.37,-0.867,0.455,-1.092,15,9,0.7,0.833,3,4,4,4,3,3,3,3,4,4,2,3,15,12,-3,2.61802197802198,9.36,-1,9.69230769230769,-3.28571428571429
"31","5e64de363b1ae12553598f84",5,5,6,6,3,3,3,3,6,6,4,6,2,2,2,1,1,1,5,3,4,22,12,22,56,6,-4,6,8,6,3,12,21,-6,-9,0,14,240,0.45,0.55,0.1,0,1,0.9,0.364,0.789,0.5,0.5,0.05,0.346,0.05,42,3,39,39,47,2.183,6.037,6.056,0.646,0.642,0.55,0.41,1.394,1.128,3.136,0.741,0.635,0.607,0.6,0.586,0.462,0.482,0.583,0.242,0.217,0.233,0.25,21.05,21.063,9.068,8.893,0.561,0.359,-0.202,-1.045,-2.071,0.056,0.52,-1.49,13,14,0.633,0.667,2,3,2,3,2,2,2,2,1,2,2,3,10,8,-2,-1.20610967979389,-0.318181818181818,-1.94736842105263,-0.230769230769231,-0.653846153846154
"32","5e676b124b800e000cb34228",3,3,5,5,2,2,2,2,5,3,2,3,4,6,5,2,1,2,7,5,6,16,8,13,37,0,-8,-3,-11,15,5,18,38,3,-7,6,9,240,0.394,0.606,0.3375,0.125,0.875,0.6625,0.654,0.765,0.392,0.608,0.23125,0.504,0.106,50,1,49,44,10,9.638,0.06,2.75,0.592,0.604,0.649,3.3,3.286,2.448,4.456,0.633,0.586,0.638,0.534,0.6,0.397,0.741,0.534,0.25,0.242,0.242,0.242,22.962,23.526,10.629,13.069,0.625,0.525,-0.1,-1.364,3.857,0.4,2.684,2.937,13,9,0.7,0.8,3,3,3,3,3,2,3,3,4,4,4,1,12,11,-1,-6.70651629072682,8.23809523809524,-19.3684210526316,8.95,-11.95
"33","5e68b753e203811578c0a521",5,6,6,5,1,3,4,3,6,6,5,5,1,6,3,1,2,3,5,3,4,22,11,22,55,6,-5,6,7,10,6,12,28,-2,-6,0,14,240,0.85,0.15,0.025,0.725,0.275,0.975,0.689,0.733,0.842,0.158,0.375,0.412,0.35,50,1,49,44,1,12.262,4.547,3.647,0.746,0.775,1.5,4.081,2.41,2.089,4.112,0.862,0.755,0.611,0.815,0.241,0.283,0.278,0.278,0.242,0.221,0.225,0.225,21.821,20.509,11.349,12.556,0.85,0.75,-0.1,1.031,-1.852,-15,-10.1,-7.783,15,14,0.467,0.467,5,4,4,4,1,2,1,2,3,2,2,2,17,6,-11,-6.07792860734037,3.44444444444444,-22.6923076923077,-1,-21.0588235294118
"34","5e6e8144f49fd8000821e72f",5,6,5,5,3,5,5,3,7,6,7,6,3,3,3,2,4,6,4,5,7,21,16,26,63,5,0,10,15,9,12,16,37,-3,0,4,15,240,0.494,0.506,0.025,0.0125,0.9875,0.975,0.69,0.645,0.5,0.5,0.01875,0.317,0.006,38,2,36,31,0,6.804,3.174,2.825,0.567,0.692,0.667,0.595,1.332,1.244,3.25,0.685,0.583,0.552,0.5,0.5,0.521,0.5,0.5,0.225,0.2,0.242,0.25,13.196,16.288,6.281,7.968,0.923,0.927,0.004,-0.167,0.059,-5.667,-8,2.559,11,15,0.6,0.433,4,4,4,3,4,4,4,3,4,5,4,2,15,15,0,3.00079365079365,6.27777777777778,-18.8571428571429,7.28571428571429,-20.85
"35","5e72db2782efd522c37d4a77",5,4,4,5,3,4,4,4,5,5,5,5,4,5,3,3,1,4,5,5,5,18,15,20,53,2,-1,4,5,12,8,15,35,0,-4,3,14,240,0.325,0.675,0.4875,0.1375,0.8625,0.5125,0.69,0.581,0.283,0.717,0.3125,0.783,0.175,41,1,40,34,3,7.15,0.958,1.301,0.608,0.662,0.528,2.071,3.34,4.328,6.335,0.655,0.5,0.554,0.667,0.517,0.646,0.768,0.567,0.242,0.2,0.233,0.25,16.179,19.672,7.712,10.874,0.8,0.875,0.075,-2.821,-3.826,7.5,6,0.495,13,14,0.667,0.6,4,3,3,3,4,3,3,3,4,5,4,1,13,13,0,4.55100455100455,4.53846153846154,-11.6428571428571,5.95454545454545,-14.7777777777778
"36","5e8529aa0a340d10f4af649e",2,1,5,2,1,4,3,3,7,6,4,5,1,4,1,1,3,1,7,1,5,10,11,22,43,-6,-5,6,-5,6,5,13,24,-6,-7,1,9,240,0.569,0.431,0.4,0.5375,0.4625,0.6,0.522,0.649,0.65,0.35,0.46875,0.675,0.069,50,1,49,47,49,7.579,1.42,3.787,0.675,0.688,0.378,2.556,1.863,1.763,3.773,0.733,0.7,0.559,0.712,0.45,0.45,0.424,0.508,0.25,0.25,0.246,0.246,33.862,39.308,14.558,11.267,0.744,0.732,-0.012,-0.407,0.52,-0.3,7.182,-6.554,14,9,0.7,0.8,1,1,1,1,1,1,1,1,1,1,1,3,4,4,0,10.5401583710407,8.88461538461539,-11.5384615384615,7.375,-23.5882352941176
"37","5e8dddaf3d1b57068b77b2f2",5,4,5,5,1,4,5,3,6,6,6,5,3,4,5,2,3,2,5,2,6,19,13,23,55,3,-3,7,7,12,7,13,32,0,-5,1,15,240,0.606,0.394,0.35,0.5625,0.4375,0.65,0.667,0.633,0.642,0.358,0.45625,0.621,0.106,49,1,48,47,0,10.204,2.025,0.478,0.838,0.829,1.425,1.026,2.694,2.934,4.954,0.86,0.824,0.768,0.898,0.404,0.333,0.554,0.356,0.237,0.212,0.233,0.246,22.808,25.085,12.068,17.136,0.675,0.675,0,-1.37,-2.769,-1.538,8.615,-11.553,14,15,0.7,0.7,4,4,4,4,2,3,3,2,5,4,4,2,16,10,-6,2.57081807081807,8.55555555555556,-8.61538461538461,10.3846153846154,-9.35714285714286
"38","5e8f32cb79a8e80727d489a3",5,4,4,3,3,3,3,3,5,6,6,6,2,5,5,1,1,1,5,4,4,16,12,23,51,0,-4,7,3,12,3,13,28,0,-9,1,10,240,0.206,0.794,0.85,0.2625,0.7375,0.15,0.739,0.676,0.167,0.833,0.55625,0.496,0.294,38,1,37,36,1,8.017,1.129,5.259,0.725,0.7,1.188,3.057,1.913,1.873,3.887,0.817,0.6,0.772,0.696,0.733,0.717,0.632,0.714,0.25,0.25,0.237,0.233,21.425,26.075,8.439,9.034,0.825,0.875,0.05,-0.24,-2.033,-4.571,-9.2,2.835,15,10,0.467,0.767,3,4,4,4,2,4,4,2,4,3,2,2,15,12,-3,0.0899122807017534,7.36842105263158,-29.3333333333333,8.16666666666667,-28.625
"39","5e8f8865b7c5540ed1d3fcd1",2,2,3,5,1,2,3,3,4,5,6,6,3,7,5,1,2,1,3,3,2,12,9,21,42,-4,-7,5,-6,15,4,8,27,3,-8,-4,13,240,0.481,0.519,0.05,0.0125,0.9875,0.95,0.63,0.697,0.5,0.5,0.03125,0.717,0.019,50,2,48,42,4,8.462,5.411,0.389,0.717,0.704,3.237,1.514,2.657,2.331,4.343,0.745,0.653,0.586,0.833,0.491,0.49,0.466,0.617,0.229,0.204,0.242,0.25,25.321,26.764,8.866,12.022,0.707,0.718,0.011,-4.346,-1.846,-0.833,-0.727,2.394,13,13,0.7,0.633,4,4,3,3,4,4,3,3,4,4,5,3,14,14,0,-0.496218487394959,6.25,-12.1176470588235,6.8,-11.0714285714286
"40","5e9898fe07bacf0a1be91a71",5,5,4,4,4,6,6,6,6,5,4,5,7,7,4,3,2,4,2,2,2,18,22,20,60,2,6,4,12,18,9,6,33,6,-3,-6,12,240,0.5,0.5,0,0,1,1,0.613,0.759,0.5,0.5,0,0.446,0,43,1,42,35,2,6.192,3.716,1.788,0.817,0.821,0.135,0.425,1.578,1.549,3.553,0.914,0.833,0.655,0.891,0.552,0.333,0.509,0.527,0.242,0.225,0.229,0.229,12.9,15.515,8.172,11.148,0.7,0.725,0.025,1.32,0.759,-3.167,-0.455,-3.274,13,12,0.767,0.7,2,2,2,2,2,2,2,2,4,4,4,1,8,8,0,1.43852758494702,5.39130434782609,-6.70588235294118,7.53571428571429,-6
"41","5e9a166d196ab009eb34bcdd",3,6,6,6,3,5,4,5,6,7,6,6,5,6,3,1,1,1,6,6,6,21,17,25,63,5,1,9,15,14,3,18,35,2,-9,6,15,240,0.5,0.5,0,0,1,1,0.759,0.677,0.5,0.5,0,0.338,0,41,1,40,29,4,5.962,3.324,2.011,0.633,0.729,2.359,1.103,2.169,4.903,6.924,0.81,0.51,0.455,0.741,0.586,0.627,0.273,0.5,0.242,0.212,0.183,0.225,12.529,12.07,6.393,9.076,0.692,0.683,-0.009,-0.148,0.192,-7.333,-3.692,-3.301,13,15,0.7,0.6,3,4,4,4,2,2,2,3,3,2,4,2,15,9,-6,-2.49384057971015,2.54166666666667,-12.4666666666667,4.34782608695652,-8.16666666666667
"42","5ea6b76db2b9b602423a74ba",5,6,5,6,2,3,5,3,7,6,6,6,6,6,7,4,1,2,7,6,5,22,13,25,60,6,-3,9,12,19,7,18,44,7,-5,6,10,240,0.287,0.713,0.5375,0.1125,0.8875,0.4625,0.75,0.795,0.342,0.658,0.325,0.842,0.213,50,1,49,42,16,5.396,2.704,4.711,0.521,0.688,3.167,1.231,2.47,2.212,4.221,0.519,0.611,0.404,0.55,0.615,0.63,0.649,0.65,0.217,0.225,0.237,0.25,34.079,37.627,9.605,8.633,0.927,0.897,-0.029,-3.593,-1.045,0.667,-2.25,5.464,11,10,0.667,0.7,4,4,3,4,2,2,2,2,4,2,2,5,15,8,-7,-7.39282296650718,5.04545454545455,-55.7894736842105,1.84210526315789,-51.6
"43","5ea83c6fefba0523e9c027b9",3,5,6,1,1,4,2,4,5,5,4,5,3,5,2,1,1,1,7,5,4,15,11,19,45,-1,-5,3,-3,10,3,16,29,-2,-9,4,11,240,0.738,0.262,0.0875,0.5625,0.4375,0.9125,0.756,0.684,0.725,0.275,0.325,0.325,0.238,49,7,42,39,1,10.662,8.607,5.131,0.717,0.696,4.378,2.789,1.797,1.916,3.936,0.847,0.612,0.649,0.733,0.356,0.429,0.246,0.4,0.246,0.204,0.237,0.25,33.025,30.478,8.435,13.935,0.75,0.75,0,-1.63,1.071,-11.8,-13.6,4.501,14,11,0.5,0.633,4,5,4,3,4,4,4,3,5,5,5,2,16,15,-1,-2.50983519404572,6.36842105263158,-30,6.63636363636364,-27.2222222222222
"44","5ea89875a09cad2e96886d84",3,3,5,5,1,3,1,5,7,6,6,7,5,6,5,1,1,1,6,1,5,16,10,26,52,0,-6,10,4,16,3,12,31,4,-9,0,15,240,0.356,0.644,0.525,0.2375,0.7625,0.475,0.654,0.676,0.35,0.65,0.38125,0.633,0.144,49,7,42,41,5,4.933,5.058,2.658,0.767,0.758,0.342,0.026,1.659,1.615,3.63,0.898,0.62,0.63,0.864,0.542,0.48,0.667,0.712,0.246,0.208,0.225,0.246,31.812,32.639,9.078,10.714,0.8,0.6,-0.2,-0.867,-2.591,4.875,3.625,-0.474,14,15,0.633,0.667,4,4,4,4,4,4,4,2,2,5,5,2,16,14,-2,-3.33809523809524,2.82142857142857,-19.9166666666667,4.45,-14.95
"45","5eab0df319a24d0af1de72dd",5,5,6,5,2,3,2,5,6,6,6,6,4,3,5,1,1,2,7,4,6,21,12,24,57,5,-4,8,9,12,4,17,33,0,-8,5,13,240,0.419,0.581,0.5,0.3375,0.6625,0.5,0.679,0.844,0.4,0.6,0.41875,0.567,0.081,50,1,49,47,2,11.921,2.182,6.584,0.729,0.767,3.361,2.432,2.11,1.968,3.988,0.828,0.678,0.627,0.745,0.517,0.542,0.678,0.527,0.242,0.246,0.246,0.229,18.704,27.491,13.137,14.156,0.949,0.756,-0.193,-3.441,-2.778,-2,-1.5,0.163,13,13,0.7,0.5,4,4,4,4,3,2,3,3,5,5,2,1,16,11,-5,-11.1619047619048,9.96666666666667,-27.6666666666667,11.9,-14.5714285714286
"46","5ead79a0f43b4441309657c9",5,4,6,5,3,4,3,2,6,7,6,6,1,4,2,1,1,3,6,3,2,20,12,25,57,4,-4,9,9,7,5,11,23,-5,-7,-1,12,240,0.412,0.588,0.175,0,1,0.825,0.471,0.605,0.492,0.508,0.0875,0.517,0.088,50,1,49,44,2,10.212,2.24,3.657,0.729,0.792,0.135,3.667,1.556,1.431,3.444,0.864,0.681,0.526,0.857,0.475,0.681,0.596,0.5,0.246,0.196,0.237,0.233,19.533,25.031,12.128,15.429,0.6,0.725,0.125,0.81,-3.818,-0.75,-3.364,-2.014,13,12,0.533,0.7,2,2,3,2,3,3,3,4,3,4,4,4,9,13,4,3.15636363636364,12.8,-7.68,13,-10.6363636363636
"47","5ec839d3a4474212eeb466fd",5,6,6,6,3,2,3,2,6,5,3,6,4,6,6,1,4,5,7,5,2,23,10,20,53,7,-6,4,5,16,10,14,40,4,-2,2,10,240,0.881,0.119,0.05,0.8125,0.1875,0.95,0.652,0.714,0.867,0.133,0.43125,0.392,0.381,42,2,40,37,2,7.983,4.23,2.145,0.7,0.721,2.974,0.487,4.679,2.33,4.338,0.807,0.638,0.66,0.672,0.193,0.293,0.18,0.293,0.237,0.242,0.208,0.242,17.908,19.221,7.747,10.614,0.7,0.7,0,-3.556,0.259,-1.667,-2.167,4.315,14,10,0.6,0.767,4,4,4,4,2,2,2,2,3,3,1,2,16,8,-8,-5.05800947381241,8.26086956521739,-15.8823529411765,2.19047619047619,-16.8947368421053
"48","5ec96e3609117f0a67231842",5,5,5,5,3,2,3,4,7,7,6,6,3,4,3,2,1,2,5,4,5,20,12,26,58,4,-4,10,10,10,5,14,29,-2,-7,2,11,240,0.5,0.5,0,0,1,1,0.871,0.655,0.5,0.5,0,0.375,0,50,5,45,43,17,6.383,4.178,1.378,0.758,0.762,2.25,1.925,1.809,1.78,3.81,0.847,0.643,0.707,0.836,0.475,0.464,0.586,0.455,0.246,0.233,0.242,0.229,29.271,24.129,9.956,11.806,0.675,0.5,-0.175,-0.852,1.05,-5.154,-4.9,1.648,14,11,0.7,0.767,3,3,4,3,4,4,4,4,2,3,3,3,13,16,3,3.15541310541311,-2.25925925925926,-9.15384615384615,0.75,-9.3
"49","5ece15c8c5284b19beb23d71",3,4,5,5,2,3,2,2,5,6,5,7,1,5,1,1,1,1,7,5,2,17,9,23,49,1,-7,7,1,7,3,14,24,-5,-9,2,13,240,0.419,0.581,0.175,0.0125,0.9875,0.825,0.773,0.658,0.45,0.55,0.09375,0.567,0.081,23,1,22,21,112,0.917,0.716,0.596,0.85,0.838,0.158,0.512,2.821,2.299,4.316,0.897,0.913,0.714,0.891,0.483,0.522,0.643,0.582,0.242,0.192,0.175,0.229,6.933,6.804,4.592,4.403,0.641,0.707,0.066,0.25,0.207,-0.857,1.25,-2.15,15,13,0.467,0.667,1,2,2,3,2,2,1,3,1,3,4,3,8,8,0,1.27528735632184,-0.166666666666667,-1.4,0.758620689655172,-1.75
"50","5ed500da05bbbb048389cd9f",4,5,5,5,2,2,2,4,6,7,5,6,5,5,3,4,4,4,6,5,5,19,10,24,53,3,-6,8,5,13,12,16,41,1,0,4,14,240,0.375,0.625,0.2875,0.0375,0.9625,0.7125,0.632,0.756,0.417,0.583,0.1625,0.637,0.125,50,1,49,47,1,9.612,0.327,4.874,0.85,0.821,0.333,3.135,1.838,1.774,3.779,0.931,0.815,0.707,0.967,0.586,0.593,0.586,0.567,0.242,0.225,0.242,0.25,17.5,25.214,12.943,14.836,0.8,0.9,0.1,-0.5,-3.485,3.25,-0.25,0.515,11,14,0.8,0.567,2,3,4,4,3,3,4,4,5,4,4,2,13,14,1,6.61732163646197,10.6086956521739,-4.70588235294118,12.7096774193548,-9.22222222222222
"51","5edd1cfb9a2ae09ff1250c9c",3,6,5,6,3,4,4,3,7,6,5,5,3,4,5,3,5,2,5,4,5,20,14,23,57,4,-2,7,9,12,10,14,36,0,-2,2,9,240,0.306,0.694,0.425,0.0375,0.9625,0.575,0.643,0.656,0.25,0.75,0.23125,0.604,0.194,50,1,49,50,6,9.475,0.549,1.762,0.654,0.704,6.606,3.541,1.359,1.51,3.521,0.667,0.655,0.576,0.717,0.65,0.638,0.661,0.583,0.25,0.242,0.246,0.25,24.142,26.875,11.626,13.559,0.846,0.78,-0.066,-6.889,2.714,-5.333,6.111,-1.841,14,9,0.667,0.8,2,4,2,3,3,4,4,4,3,3,4,2,11,15,4,-1.26442307692308,6.15384615384615,-16.9230769230769,6,-15.8125
"52","5ee919ad2825f916bae687ae",5,2,7,6,3,2,3,3,7,7,6,7,7,6,5,1,3,4,7,3,2,20,11,27,58,4,-5,11,10,18,8,12,38,6,-4,0,15,240,0.631,0.369,0.3625,0.625,0.375,0.6375,0.68,0.857,0.725,0.275,0.49375,0.708,0.131,41,1,40,35,0,7.092,3.833,0.695,0.75,0.754,1.541,0,1.426,1.56,3.568,0.719,0.692,0.649,0.893,0.439,0.442,0.298,0.446,0.237,0.217,0.237,0.233,12.4,16.236,7.821,11.898,0.707,0.692,-0.015,-2.04,-2.32,9,5.273,3.447,15,15,0.567,0.5,2,2,3,2,2,2,3,2,2,4,4,2,9,9,0,-3.38980392156862,6.33333333333333,-11.1764705882353,7.12,-7
"53","5eeb40c601b1dc2907bbff74",3,4,5,6,3,6,4,4,5,6,5,6,5,6,6,5,5,2,5,5,6,18,17,22,57,2,1,6,9,17,12,16,45,5,0,4,15,240,0.525,0.475,0.4,0.45,0.55,0.6,0.643,0.75,0.55,0.45,0.425,0.562,0.025,50,3,47,46,27,4.404,9.248,3.545,0.896,0.9,0.75,0.75,1.352,1.423,3.433,0.946,0.786,0.86,0.981,0.536,0.554,0.439,0.481,0.233,0.233,0.237,0.225,24.392,24.281,12.522,13.617,0.769,0.683,-0.086,-0.148,-0.556,-2.556,3.462,-6.425,11,15,0.767,0.633,4,4,4,3,4,4,4,3,3,1,5,2,15,15,0,-4.25897435897436,1.53846153846154,-9.23076923076923,1.57692307692308,-4.93333333333333
"54","5eeb8ae62af51132b7987743",6,6,7,7,3,2,3,3,7,7,7,7,1,2,3,1,6,1,7,6,7,26,11,28,65,10,-5,12,17,6,8,20,34,-6,-4,8,10,240,0.906,0.094,0.05,0.8625,0.1375,0.95,0.732,0.632,0.95,0.05,0.45625,0.821,0.406,50,9,41,42,2,9.246,8.043,3.097,0.65,0.717,2.611,5.308,3.632,2.047,4.057,0.811,0.633,0.375,0.78,0.17,0.224,0.268,0.288,0.221,0.204,0.233,0.246,32.371,32.033,9.834,11.647,0.775,0.675,-0.1,-2.037,2.462,16.556,11,10.054,15,10,0.6,0.8,4,4,4,4,3,2,2,2,1,4,2,1,16,9,-7,-15.996043956044,7.38461538461539,-25.5714285714286,0.76,-16.2
"55","5eef6be6d9005144df0e66cc",5,4,4,2,5,4,6,5,6,5,5,5,5,7,6,5,2,4,7,1,4,15,20,21,56,-1,4,5,8,18,11,12,41,6,-1,0,15,240,0.044,0.956,0.9375,0.025,0.975,0.0625,0.7,0.7,0.058,0.942,0.48125,0.417,0.456,45,1,44,40,11,8.458,0.831,1.521,0.771,0.775,2.703,1.818,1.3,1.459,3.468,0.932,0.609,0.625,0.914,0.847,0.761,0.839,0.741,0.246,0.192,0.233,0.242,14.592,19.241,10.951,12.449,0.854,0.821,-0.033,-1.032,-0.769,-11.333,-5.714,-5.356,15,15,0.7,0.667,1,2,2,1,4,4,3,2,4,3,4,2,6,13,7,2.84245228455755,6.10714285714286,-11.3846153846154,7.65,-12.6842105263158
"56","5ef9e842779c727aa03b8354",5,2,6,3,2,3,3,2,6,6,6,6,1,2,5,1,1,2,7,6,6,16,10,24,50,0,-6,8,2,8,4,19,31,-4,-8,7,15,240,0.475,0.525,0.1,0.05,0.95,0.9,0.767,0.767,0.467,0.533,0.075,0.458,0.025,47,9,38,27,21,4.721,12.88,19.661,0.804,0.808,0.525,0.568,1.732,1.662,3.684,0.867,0.845,0.68,0.833,0.5,0.552,0.44,0.611,0.25,0.242,0.208,0.225,32.804,36.851,5.385,6.304,0.659,0.692,0.034,-0.077,-0.44,-1.357,-0.833,-0.887,13,15,0.633,0.567,4,4,2,3,4,4,4,3,2,4,4,2,13,15,2,10.225,4.6,-7,7.95833333333333,-13.8666666666667
"57","5efb85865214c00f3f582de1",2,4,4,4,1,2,2,3,5,6,5,6,4,7,6,2,4,4,5,5,6,14,8,22,44,-2,-8,6,-4,17,10,16,43,5,-2,4,12,240,0.8,0.2,0.1375,0.7375,0.2625,0.8625,0.73,0.652,0.842,0.158,0.4375,0.217,0.3,43,3,40,41,30,6.917,5.039,5.203,0.621,0.688,1.9,0.475,1.888,1.841,3.855,0.772,0.481,0.593,0.625,0.088,0.37,0.407,0.375,0.237,0.225,0.225,0.233,21.021,20.056,10.228,11.366,0.7,0.625,-0.075,1.857,2.48,-10.667,-5.4,-4.644,15,12,0.567,0.7,3,3,3,4,2,2,2,2,4,4,3,1,13,8,-5,-8.00405150405151,5.07692307692308,-14.2857142857143,3.63636363636364,-7.72222222222222
"58","5f07267fa81c732d460fc24e",2,1,4,6,1,1,3,1,7,5,2,7,3,4,6,1,1,1,6,3,2,13,6,21,40,-3,-10,5,-8,13,3,11,27,1,-9,-1,10,240,0.5,0.5,0,0,1,1,0.7,0.667,0.5,0.5,0,0.346,0,50,4,46,45,220,0.083,2.67,2.678,0.671,0.671,0.05,0.075,1.785,1.49,3.507,0.767,0.567,0.567,0.783,0.55,0.55,0.433,0.467,0.25,0.25,0.25,0.25,23.558,23.483,11.71,11.732,0.6,0.55,-0.05,0.042,0.091,0.062,0.056,0.056,13,10,0.7,0.767,3,1,2,1,2,2,2,3,1,2,2,2,7,9,2,-0.0561868686868687,-0.0416666666666667,-0.0625,-0.0909090909090909,-0.0555555555555556
"59","5f1ada2167c7af0009073176",6,5,6,6,2,3,3,3,5,5,3,5,3,4,3,3,5,6,5,4,4,23,11,18,52,7,-5,2,4,10,14,13,37,-2,2,1,15,240,0.562,0.438,0.0375,0.1625,0.8375,0.9625,0.774,0.552,0.575,0.425,0.1,0.3,0.062,36,1,35,26,9,4.475,0.336,0.193,0.529,0.529,0.969,1.438,4.613,4.178,6.189,0.632,0.375,0.512,0.574,0.526,0.375,0.372,0.489,0.237,0.2,0.179,0.196,9.383,11.756,4.89,7.208,0.425,0.575,0.15,0.933,0.889,1,2.143,-1.187,15,15,0.6,0.533,3,3,3,3,4,2,4,4,4,4,4,2,12,14,2,7.20300751879699,-7.52631578947368,-4.66666666666667,-1.76190476190476,-6.10526315789474
"60","5f2089b7d71bef17cd2d0509",5,7,7,6,5,4,3,5,6,6,6,7,7,7,6,3,1,3,7,4,5,25,17,25,67,9,1,9,19,20,7,16,43,8,-5,4,9,240,0.119,0.881,0.825,0.0625,0.9375,0.175,0.647,0.628,0.1,0.9,0.44375,0.45,0.381,36,4,32,28,13,9.208,6.561,5.394,0.771,0.767,1.538,3.868,1.398,1.493,3.497,0.891,0.698,0.702,0.763,0.673,0.811,0.766,0.814,0.229,0.221,0.196,0.246,22.717,28.924,4.506,10.463,0.725,0.725,0,3,4.481,-2.182,2.364,-3.064,15,9,0.633,0.733,4,4,3,4,3,2,3,3,5,5,5,1,15,11,-4,6.08058608058608,10.7142857142857,-4.66666666666667,13,-8.46153846153846
"61","5f209bb12cf3543aed1fee25",7,6,6,7,3,3,3,4,7,7,6,6,2,2,3,1,1,2,6,6,6,26,13,26,65,10,-3,10,17,7,4,18,29,-5,-8,6,14,240,0.731,0.269,0.3875,0.85,0.15,0.6125,0.742,0.621,0.792,0.208,0.61875,0.579,0.231,50,1,49,45,29,4.521,3.992,0.242,0.767,0.758,0.944,1.528,2.56,2.071,4.082,0.78,0.75,0.772,0.817,0.424,0.396,0.333,0.233,0.246,0.2,0.237,0.25,18.725,18.537,17.472,17.388,0.846,0.927,0.081,-0.067,-0.545,6,24.333,-18.812,12,14,0.633,0.6,4,4,5,4,4,4,3,3,2,5,4,2,17,14,-3,9.3962703962704,0.730769230769231,-11.6153846153846,1.83333333333333,-19.9090909090909
"62","5f2339c2b41ba40eafd36953",3,4,3,3,3,3,3,4,4,5,5,5,3,6,4,2,4,3,5,1,2,13,13,19,45,-3,-3,3,-3,13,9,8,30,1,-3,-4,15,240,0.369,0.631,0.3375,0.075,0.925,0.6625,0.846,0.723,0.467,0.533,0.20625,0.483,0.131,50,3,47,38,67,4.783,6.126,10.351,0.812,0.825,1.923,0.703,1.833,3.131,5.135,0.927,0.768,0.763,0.833,0.545,0.589,0.661,0.6,0.229,0.233,0.246,0.25,23.533,27.693,9.662,10.764,0.8,0.675,-0.125,-2.774,0.292,1.375,1.462,2.979,11,15,0.667,0.567,3,2,3,2,3,3,3,2,4,3,1,2,10,11,1,6.90063159438624,5.35483870967742,0.222222222222222,4.73913043478261,-7.29411764705882
"63","5f24289ed102ed000b9f98b0",4,5,5,3,2,2,3,3,6,7,2,5,4,3,2,7,1,4,6,3,2,17,10,20,47,1,-6,4,-1,9,12,11,32,-3,0,-1,15,240,0.206,0.794,0.775,0.1875,0.8125,0.225,0.579,0.707,0.2,0.8,0.48125,0.308,0.294,50,2,48,48,22,13.375,1.659,1.614,0.588,0.654,2.632,0.553,3.315,3.094,5.116,0.65,0.5,0.596,0.61,0.717,0.7,0.632,0.729,0.25,0.25,0.237,0.246,27.812,35.148,14.513,14.885,0.641,0.829,0.188,3.167,1.129,1.714,-2,1.677,15,15,0.533,0.633,1,1,1,1,2,2,2,2,2,4,2,2,4,8,4,27.9589068825911,9.95,-6.05263157894737,13.5,-30.4615384615385
"64","5f25f878b35a042f630d207f",5,7,3,7,2,3,3,6,6,6,3,6,7,7,6,2,2,1,7,3,5,22,14,21,57,6,-2,5,9,20,5,15,40,8,-7,3,2,240,0.319,0.681,0.4375,0.075,0.925,0.5625,0.412,0.651,0.375,0.625,0.25625,0.354,0.181,35,1,34,34,1,7.8,1.016,2.098,0.571,0.662,3.818,1.333,1.63,1.925,3.93,0.603,0.526,0.562,0.534,0.655,0.667,0.667,0.552,0.242,0.237,0.2,0.242,15.017,13.86,7.002,10.298,0.927,0.872,-0.055,-3.233,-0.452,-9.667,-6.8,-0.085,7,2,0.833,0.8,3,4,4,4,3,4,2,2,2,2,2,2,15,11,-4,-3.14174641148325,3.78947368421053,-17.2272727272727,5.54166666666667,-12.3333333333333
"65","5f2af42fbc242945b9f7dba9",2,4,4,5,2,2,2,3,6,6,5,6,3,4,4,4,6,5,3,5,5,15,9,23,47,-1,-7,7,-1,11,15,13,39,-1,3,1,6,240,0.881,0.119,0.0375,0.8,0.2,0.9625,0.714,0.545,0.85,0.15,0.41875,0.358,0.381,50,8,42,35,109,7.642,0.752,1.413,0.679,0.708,4.641,1.026,1.34,1.292,3.295,0.712,0.579,0.462,0,0.322,0.158,0.269,0,0.246,0.237,0.108,0,39.375,41.186,12.077,12.719,0.575,0.575,0,-6.227,-1.182,-2.588,-0.824,3.281,6,6,0.867,0.667,4,4,4,4,2,2,2,2,3,4,2,3,16,8,-8,-11.2017543859649,9.1,-17.4,4.66666666666667,-10.6315789473684
"66","5f3167efac2e4b000a6baa04",4,6,5,5,3,2,3,1,7,7,4,5,4,7,6,2,1,3,6,4,3,20,9,23,52,4,-7,7,4,17,6,13,36,5,-6,1,12,240,0.569,0.431,0.5,0.6375,0.3625,0.5,0.562,0.679,0.575,0.425,0.56875,0.467,0.069,50,1,49,38,1,26.288,1.278,11.6,0.617,0.704,2.432,12.323,1.097,1.099,3.104,0.68,0.632,0.556,0.62,0.38,0.404,0.5,0.48,0.208,0.237,0.225,0.208,12.058,37.583,9.319,14.562,0.925,0.775,-0.15,1.176,20.522,16.667,-11.25,47.262,15,12,0.567,0.667,3,4,4,4,3,3,3,4,4,1,1,1,15,13,-2,-5.07278346121056,26.9583333333333,-20.25,23.3529411764706,-18.7826086956522
"67","5f35050d72e95343c64aef66",5,4,2,4,1,3,1,3,5,5,5,5,1,1,1,1,1,1,6,6,7,15,8,20,43,-1,-8,4,-5,3,3,19,25,-9,-9,7,14,240,0.5,0.5,0,0,1,1,0.6,0.867,0.5,0.5,0,0.725,0,48,1,47,46,4,18.638,6.127,1.687,0.754,0.771,4.128,4.091,1.87,2.084,4.092,0.895,0.672,0.545,0.933,0.561,0.431,0.545,0.433,0.237,0.242,0.229,0.25,26.904,45.133,13.479,7.341,0.7,0.925,0.225,-3.519,-3.433,-5.5,-10.667,5.252,12,14,0.7,0.667,2,2,3,3,4,3,4,4,4,4,4,1,10,15,5,46.1453754578755,17.7083333333333,-2.9375,20.0769230769231,-46.7142857142857
"68","5f4ff8efa8de8e14c2cd6e0b",1,2,1,1,7,7,6,5,7,5,2,6,4,4,3,7,1,3,1,1,1,5,25,20,50,-11,9,4,2,11,11,3,25,-1,-1,-9,15,240,0.531,0.469,0.4,0.4625,0.5375,0.6,0.793,0.839,0.55,0.45,0.43125,0.362,0.031,26,1,25,24,40,1.783,2.486,2.341,0.662,0.717,0.026,0.472,8.472,21.659,23.687,0.889,0.605,0.512,0.822,0.511,0.302,0.463,0.622,0.188,0.179,0.171,0.188,8.183,8.875,3.842,4.506,0.625,0.725,0.1,0.348,0.423,-0.467,0.6,-0.991,14,15,0.567,0.6,3,2,3,3,3,2,3,3,4,4,3,1,11,11,0,1.54833759590793,1.55,-3.05,0.91304347826087,-5.23529411764706
"69","5f5c79a330ec6f471bac45dc",5,6,5,5,5,4,3,3,5,6,4,5,3,2,3,1,3,4,6,5,6,21,15,20,56,5,-1,4,8,8,8,17,33,-4,-4,5,15,240,0.5,0.5,0,0,1,1,0.8,0.833,0.5,0.5,0,0.275,0,34,6,28,23,35,4.658,4.969,0.869,0.617,0.692,2.684,0.316,2.481,2.816,4.822,0.8,0.528,0.511,0.6,0.467,0.472,0.489,0.545,0.25,0.221,0.188,0.229,14.762,13.844,4.598,6.616,0.8,0.925,0.125,-1.567,0.057,-6.875,-4.667,-0.585,15,15,0.467,0.5,4,3,4,4,4,4,4,3,4,4,4,2,15,15,0,14.2883771929825,-1.20833333333333,-12.9375,5.33333333333333,-20.6842105263158
"70","5f63b3bdfcaaa10e5a8d7e5a",5,5,6,6,3,5,4,3,7,5,5,6,3,6,5,1,1,5,7,5,6,22,15,23,60,6,-1,7,12,14,7,18,39,2,-5,6,12,240,0.231,0.769,0.5375,0,1,0.4625,0.6,0.644,0.267,0.733,0.26875,0.487,0.269,50,8,42,43,33,13.021,9.316,8.008,0.6,0.629,4.263,1.59,1.641,2.015,4.03,0.776,0.589,0.373,0.695,0.672,0.714,0.712,0.644,0.242,0.233,0.246,0.246,36.758,36.199,11.594,16.465,0.55,0.75,0.2,1,-0.966,-10.111,-3.4,-8.677,15,12,0.433,0.767,2,4,2,2,1,3,3,2,3,4,4,2,10,9,-1,-2.40861769809138,10.5789473684211,-22.1428571428571,10.3846153846154,-19.9285714285714
"71","5f68fc565258c10c30d48db8",5,5,6,4,2,3,3,3,5,4,5,5,4,6,3,1,3,2,5,4,3,20,11,19,50,4,-5,3,2,13,6,12,31,1,-6,0,4,240,0.719,0.281,0.1375,0.575,0.425,0.8625,0.743,0.64,0.758,0.242,0.35625,0.317,0.219,42,1,41,40,5,15.788,3.95,2.017,0.592,0.679,5.316,2.611,2.992,3.513,5.518,0.702,0.525,0.566,0.596,0.246,0.424,0.377,0.368,0.237,0.246,0.221,0.237,16.104,24.078,10.299,17.276,0.725,0.65,-0.075,9.185,8.864,-4.182,-7.214,2.711,13,4,0.733,0.867,3,3,3,2,3,2,3,3,2,4,4,1,11,11,0,-1.32592845750741,21.1818181818182,-14.1666666666667,21.7368421052632,-12.2857142857143
"72","5f751b67f9a33b18498b9429",6,5,5,5,6,4,5,5,7,7,2,7,4,6,5,4,2,5,6,6,6,21,20,23,64,5,4,7,16,15,11,18,44,3,-1,6,12,240,0.494,0.506,0.0875,0.075,0.925,0.9125,0.69,0.71,0.5,0.5,0.08125,0.617,0.006,31,10,21,22,7,7.888,10.954,3.053,0.9,0.892,0.95,2.684,1.447,1.597,3.602,0.904,0.809,0.941,0.982,0.385,0.532,0.667,0.473,0.217,0.196,0.212,0.229,21.85,16.477,4.292,8.331,0.775,0.675,-0.1,1.774,0.44,-1.889,7,-10.223,11,12,0.733,0.733,4,4,3,2,4,4,4,3,2,2,3,2,13,15,2,0.484874551971325,-1.38709677419355,-15.2222222222222,0.12,-14.2
"73","5f75b5d059b8cb24aa22cc6f",3,3,5,5,2,3,3,3,5,3,5,3,4,6,6,3,3,3,3,2,3,16,11,16,43,0,-5,0,-5,16,9,8,33,4,-3,-4,10,240,0.537,0.463,0.0625,0.1375,0.8625,0.9375,0.743,0.84,0.517,0.483,0.1,0.729,0.037,31,1,30,25,0,5.821,1.887,1.443,0.671,0.671,3.139,2.636,1.867,1.971,3.989,0.646,0.659,0.565,0.842,0.5,0.512,0.457,0.421,0.2,0.171,0.192,0.237,7.754,12.2,4.594,7.572,0.85,0.8,-0.05,-3.5,-4.32,-1.333,2.625,-4.778,14,10,0.667,0.767,4,4,4,4,2,3,3,2,3,4,4,2,16,10,-6,0.89751552795031,7.17857142857143,-5.75,6.82608695652174,-7
"74","5f8040a15e9c0003ae16dc31",5,6,6,7,3,2,2,3,6,6,5,6,1,3,2,1,4,5,6,6,6,24,10,23,57,8,-6,7,9,6,10,18,34,-6,-2,6,7,240,0.263,0.738,0.475,0,1,0.525,0.75,0.75,0.2,0.8,0.2375,0.179,0.237,46,2,44,36,8,10.396,3.895,0.293,0.542,0.608,3.231,0.55,2.559,7.454,9.511,0.746,0.359,0.5,0.534,0.695,0.59,0.667,0.621,0.246,0.163,0.225,0.242,16.425,21.515,8.642,12.922,0.75,0.75,0,5.414,1.5,-3.1,-6.7,-0.314,13,7,0.6,0.767,4,4,4,4,4,3,4,3,4,4,3,2,16,14,-2,6.6390977443609,13.952380952381,-12.8421052631579,19.0526315789474,-14.3809523809524
"75","5f805400d51803055cff78f0",1,1,4,2,3,3,3,4,5,5,6,6,2,5,1,3,2,1,6,2,6,8,13,22,43,-8,-3,6,-5,8,6,14,28,-4,-6,2,9,240,0.113,0.887,0.8375,0.0625,0.9375,0.1625,0.571,0.63,0.117,0.883,0.45,0.492,0.387,45,3,42,41,0,6.358,0.009,0.118,0.65,0.704,1.553,0.811,2.311,2.482,4.498,0.683,0.672,0.517,0.759,0.683,0.793,0.724,0.87,0.25,0.242,0.242,0.225,24.908,22.585,9.978,12.191,0.59,0.537,-0.053,0.136,-0.278,3.5,1.842,1.244,6,9,0.9,0.6,3,2,3,4,4,4,4,3,2,4,4,2,12,15,3,3.63842105263158,2.95,-8.63157894736842,2.5,-12.72
"76","5f8567ed916759000a735627",3,3,5,3,3,5,2,3,5,6,5,5,2,5,3,2,3,3,7,6,6,14,13,21,48,-2,-3,5,0,10,8,19,37,-2,-4,7,15,240,0.45,0.55,0.65,0.55,0.45,0.35,0.714,0.8,0.383,0.617,0.6,0.221,0.05,50,3,47,48,10,11.346,8.219,1.881,0.575,0.708,5.054,4.351,2.951,2.209,4.219,0.7,0.537,0.418,0.667,0.517,0.556,0.636,0.439,0.25,0.225,0.229,0.237,31.662,29.777,12.144,15.504,0.925,0.825,-0.1,-5.235,-4.5,-3,-3.714,1.45,13,15,0.6,0.433,4,4,4,3,4,2,2,3,2,4,2,2,15,11,-4,-13.9462915601023,7.91304347826087,-43.1764705882353,4.88235294117647,-32.2608695652174
"77","5f858743256d25036d9fa693",2,4,4,3,6,6,5,5,7,5,4,5,2,1,3,7,1,3,6,1,6,13,22,21,56,-3,6,5,8,6,11,13,30,-6,-1,1,11,240,0.419,0.581,0.1875,0.025,0.975,0.8125,0.8,0.775,0.467,0.533,0.10625,0.567,0.081,50,10,40,33,17,9.733,0.818,3.267,0.717,0.712,1.083,3.216,1.908,2.094,4.1,0.793,0.603,0.66,0.763,0.483,0.603,0.528,0.627,0.242,0.242,0.221,0.246,37.588,38.196,8.746,12.137,0.8,0.825,0.025,0.643,-2.5,2.625,-6.286,5.768,11,11,0.667,0.7,4,4,4,4,4,2,3,3,4,4,4,3,16,12,-4,2.64674908424908,6.15384615384615,-30.9285714285714,6.41666666666667,-33.3125
"78","5f8a565874d414118b763b93",1,5,3,3,1,2,1,3,6,6,5,6,4,5,3,4,3,1,6,5,7,12,7,23,42,-4,-9,7,-6,12,8,18,38,0,-4,6,13,240,0.613,0.387,0.3875,0.6125,0.3875,0.6125,0.586,0.677,0.65,0.35,0.5,0.421,0.113,50,2,48,47,3,10.021,5.291,0.267,0.779,0.842,5.421,1.55,1.86,1.973,3.996,0.9,0.768,0.627,0.833,0.4,0.393,0.424,0.467,0.25,0.233,0.246,0.25,20.396,23.064,13.205,17.671,0.692,0.683,-0.009,-2.269,3.037,-12.25,-11.077,4.133,13,13,0.667,0.7,2,3,3,4,2,2,3,3,3,4,2,2,12,10,-2,-1.13752131287297,10.5652173913043,-11.5625,10.1666666666667,-10.8235294117647
"79","5f8c6db7effb9e3ce1b7f633",4,4,4,2,2,3,3,3,3,2,3,2,1,5,1,1,1,1,6,3,5,14,11,10,35,-2,-5,-6,-13,7,3,14,24,-5,-9,2,13,240,0.431,0.569,0.2125,0.075,0.925,0.7875,0.739,0.622,0.475,0.525,0.14375,0.546,0.069,50,2,48,49,19,11.071,4.498,1.373,0.792,0.804,4.158,0.611,1.838,2.426,4.436,0.883,0.767,0.737,0.75,0.533,0.567,0.491,0.607,0.25,0.25,0.237,0.233,26.029,24.957,12.355,17.29,0.75,0.8,0.05,-0.893,-0.321,-13.3,3.875,-16.604,14,13,0.5,0.533,4,4,4,4,2,2,2,2,4,2,3,2,16,8,-8,1.72649572649573,7.48148148148148,-19,9.59259259259259,-18.6153846153846
"80","5f936c5531a30e1459f2d51b",5,6,6,5,7,5,5,7,6,5,5,5,7,7,5,5,5,1,6,4,4,22,24,21,67,6,8,5,19,19,11,14,44,7,-1,2,15,240,0.494,0.506,0.0125,0,1,0.9875,0.724,0.645,0.492,0.508,0.00625,0.404,0.006,50,2,48,47,9,11.262,2.125,0.218,0.5,0.712,2.033,2.71,1.129,1.256,3.26,0.475,0.5,0.508,0.55,0.475,0.593,0.458,0.517,0.246,0.225,0.246,0.25,27.554,32.143,11.046,14.559,0.9,0.95,0.05,3.111,2.3,-7.667,15,-23.478,14,15,0.533,0.5,4,5,4,4,3,3,3,3,5,5,3,2,17,12,-5,4.0530303030303,3.75,-49.5,7.63636363636364,-49.6666666666667
"81","5f97259ff853640ac8065fd3",4,5,4,5,4,3,3,4,4,4,4,5,4,6,5,3,4,4,6,5,5,18,14,17,49,2,-2,1,1,15,11,16,42,3,-1,4,10,240,0.45,0.55,0.5375,0.4375,0.5625,0.4625,0.741,0.697,0.458,0.542,0.4875,0.321,0.05,30,4,26,25,1,8.896,0.236,1.152,0.596,0.688,0.211,2.594,2.429,2.035,4.052,0.618,0.564,0.605,0.667,0.545,0.527,0.558,0.537,0.229,0.229,0.179,0.225,14.908,20.324,4.867,9.498,0.825,0.975,0.15,2.097,2.871,-8.143,-6,-1.369,12,10,0.633,0.667,3,3,3,3,3,3,3,3,4,4,4,2,12,12,0,4.18695652173913,10.9130434782609,-21,10.95,-25.15
"82","5f9742fcd891550f11b39df5",4,7,5,7,7,4,4,2,6,4,3,5,7,1,7,7,1,5,7,4,3,23,17,18,58,7,1,2,10,15,13,14,42,3,1,2,9,240,0.094,0.906,0.825,0.0125,0.9875,0.175,0.538,0.723,0.1,0.9,0.41875,0.45,0.406,50,3,47,43,6,6.225,7.473,9.229,0.721,0.708,0.795,1.139,3.016,2.119,4.126,0.845,0.709,0.672,0.683,0.81,0.8,0.69,0.8,0.242,0.229,0.242,0.25,24.075,28.612,8.867,7.755,0.825,0.925,0.1,1.281,1.424,-1.429,-2,0.714,15,9,0.533,0.8,3,3,3,4,4,4,4,3,3,4,4,2,13,15,2,19.3159340659341,4.57692307692308,-21.5714285714286,6.71428571428571,-38.75
"83","5f997fe115909c05af475b09",5,5,6,2,6,6,4,3,5,6,7,6,6,6,6,1,1,2,6,6,5,18,19,24,61,2,3,8,13,18,4,17,39,6,-8,5,15,240,0.481,0.519,0.2625,0.225,0.775,0.7375,0.588,0.615,0.442,0.558,0.24375,0.279,0.019,47,1,46,43,0,9.525,1.35,2.207,0.662,0.742,0.541,2.974,1.614,1.521,3.535,0.8,0.561,0.569,0.678,0.467,0.544,0.51,0.525,0.25,0.237,0.212,0.246,14.271,18.014,10,14.012,0.8,0.925,0.125,1.759,-2.583,-3.875,-7.667,-0.55,15,15,0.533,0.533,2,2,2,4,4,4,3,2,4,5,4,1,10,13,3,-3.96365914786968,11.7619047619048,-13.3684210526316,9.54166666666667,-11.625
"84","5fa0b8fd4cbe9714ce04cb54",4,4,5,5,3,2,3,3,4,5,4,5,4,6,4,3,3,4,5,5,5,18,11,18,47,2,-5,2,-1,14,10,15,39,2,-2,3,13,240,0.256,0.744,0.5125,0.025,0.975,0.4875,0.667,0.8,0.292,0.708,0.26875,0.471,0.244,50,1,49,49,5,12.804,1.82,4.666,0.842,0.833,1.25,5.314,2.471,3.247,5.26,0.917,0.862,0.672,0.914,0.667,0.69,0.69,0.603,0.25,0.242,0.242,0.242,22.746,29.636,15.348,17.938,0.75,0.725,-0.025,1.433,-5.417,-9.3,-5.091,-11.059,13,13,0.7,0.667,3,3,4,3,3,3,3,3,5,2,2,3,13,12,-1,4.57949467412383,10.3461538461538,-11.9285714285714,19.9130434782609,-6.94117647058824
"85","5fa1c180c81f2833b188b00e",1,5,2,3,7,2,2,1,4,2,5,4,6,6,6,6,1,2,7,5,6,11,12,15,38,-5,-4,-1,-10,18,9,18,45,6,-3,6,10,240,0.688,0.312,0.175,0.55,0.45,0.825,0.704,0.576,0.775,0.225,0.3625,0.6,0.188,45,1,44,43,0,10.038,1.061,3.615,0.612,0.7,2.2,5.528,1.775,1.844,3.858,0.632,0.49,0.618,0.66,0.246,0.373,0.509,0.377,0.237,0.212,0.229,0.221,13.354,21.474,10.899,16.259,0.9,0.85,-0.05,-4.115,-7.233,10.25,3,4.132,15,10,0.433,0.7,4,4,4,4,2,1,1,3,5,4,3,1,16,7,-9,-8.14583333333334,11.9583333333333,-15.1875,10.8,-8.2
"86","5fa4721c8826280efc7ea386",4,3,6,5,1,2,1,3,5,5,6,6,3,5,5,4,6,2,7,4,5,18,7,22,47,2,-9,6,-1,13,12,16,41,1,0,4,7,240,0.619,0.381,0.125,0.3625,0.6375,0.875,0.633,0.9,0.658,0.342,0.24375,0.2,0.119,45,6,39,38,0,7.288,4.126,5.961,0.592,0.654,1.333,0.975,1.26,1.109,3.113,0.667,0.49,0.593,0.592,0.404,0.451,0.463,0.408,0.237,0.212,0.225,0.204,23.354,27.694,8.354,10.816,0.8,0.625,-0.175,2.129,0.28,-1.75,2.133,-5.732,10,7,0.733,0.767,2,3,2,3,2,3,2,3,2,2,2,2,10,10,0,-9.59761904761905,8.21428571428571,-13.3333333333333,5.25,-6.7
"87","5fa472cf29a8e70f22c5d521",5,5,6,7,2,3,2,3,7,7,6,6,3,5,3,1,1,5,6,5,6,23,10,26,59,7,-6,10,11,11,7,17,35,-1,-5,5,15,240,0.931,0.069,0.05,0.9125,0.0875,0.95,0.6,0.6,0.95,0.05,0.48125,0.558,0.431,43,6,37,36,0,13.375,1.247,2.032,0.758,0.788,5,3.079,2.373,2.791,4.801,0.818,0.745,0.755,0.763,0.145,0.291,0.151,0.271,0.229,0.229,0.221,0.246,21.742,31.996,7.056,10.453,0.825,0.825,0,-7.286,-3.29,4.143,-2.143,10.281,15,15,0.633,0.567,3,4,3,4,3,3,3,3,4,4,3,2,14,12,-2,-2.54049398876985,15.1923076923077,-17.6428571428571,16.9310344827586,-13.3636363636364
"88","5fa547efe090751e68baced1",2,2,4,4,6,5,5,7,5,6,3,7,2,6,1,7,2,1,5,3,1,12,23,21,56,-4,7,5,8,9,10,9,28,-3,-2,-3,10,240,0.581,0.419,0.525,0.6875,0.3125,0.475,0.781,0.679,0.583,0.417,0.60625,0.521,0.081,42,4,38,38,33,6.708,2.045,2.57,0.696,0.729,1.167,0.974,1.905,1.902,3.921,0.847,0.545,0.607,0.746,0.271,0.564,0.589,0.305,0.246,0.229,0.233,0.246,18.638,22.756,7.925,11.568,0.625,0.75,0.125,-2.143,-1.357,0.2,0.1,0.886,12,10,0.667,0.767,3,3,4,4,4,2,3,4,1,5,5,2,14,13,-1,1.68493202703729,8.72222222222222,-9.18181818181818,9.90476190476191,-9.68421052631579
"89","5fa88ca41b1a9d747073bd27",6,7,7,6,2,4,2,3,7,7,4,6,3,4,2,4,3,3,6,6,6,26,11,24,61,10,-5,8,13,9,10,18,37,-3,-2,6,14,240,0.5,0.5,0,0,1,1,0.667,0.733,0.5,0.5,0,0.371,0,50,6,44,35,71,1.767,10.286,11.125,0.675,0.667,0.95,0.1,3.05,1.692,3.7,0.783,0.618,0.604,0.709,0.417,0.545,0.604,0.491,0.25,0.229,0.221,0.229,36.092,36.775,7.729,8.613,0.575,0.6,0.025,-0.478,-0.25,-1.588,0.625,-1.985,10,14,0.7,0.567,2,2,2,4,2,2,2,4,1,4,4,3,10,10,0,-2.94347567749102,1.90909090909091,-5.11111111111111,0.782608695652174,-3.29411764705882
"90","5fa94ee12438bf08ad45f75f",4,5,5,3,4,4,5,3,5,6,5,5,1,2,1,1,1,1,6,4,5,17,16,21,54,1,0,5,6,4,3,15,22,-8,-9,3,11,240,0.506,0.494,0,0.0125,0.9875,1,0.742,0.621,0.5,0.5,0.00625,0.379,0.006,39,5,34,29,219,0.088,4.769,4.752,0.746,0.746,0.025,0.05,1.457,0.967,2.984,0.815,0.717,0.766,0.739,0.556,0.453,0.574,0.413,0.225,0.221,0.196,0.192,24.146,24.15,5.648,5.682,0.425,0.6,0.175,0,0.042,0.043,0.062,0.023,15,11,0.467,0.767,2,3,2,2,2,2,2,2,2,2,4,1,9,8,-1,0.0643115942028986,0,0.0434782608695652,-0.0416666666666667,-0.0625
"91","5faaebb272441153516e1b27",4,5,5,5,6,5,5,5,3,3,4,3,5,4,2,6,2,2,6,5,6,19,21,13,53,3,5,-3,5,11,10,17,38,-1,-2,5,15,240,0.45,0.55,0.175,0.075,0.925,0.825,0.739,0.649,0.492,0.508,0.125,0.3,0.05,33,6,27,24,20,5.083,4.669,4.509,0.496,0.654,2.939,1.294,4.883,1.712,3.716,0.61,0.38,0.472,0.517,0.559,0.52,0.453,0.567,0.246,0.208,0.221,0.25,22.175,20.654,4.346,6.303,0.875,0.825,-0.05,-3.393,-0.963,-0.4,-2.571,4.601,15,15,0.4,0.4,4,3,4,2,4,4,4,2,5,4,2,2,13,14,1,-2.37108288131306,2.21428571428571,-31.3076923076923,0.411764705882353,-30.7391304347826
"92","5fae41a57aae862a572dfde0",1,4,4,1,2,3,2,2,4,4,4,4,1,4,1,1,1,1,3,1,1,10,9,16,35,-6,-7,0,-13,6,3,5,14,-6,-9,-7,15,240,0.975,0.025,0,0.95,0.05,1,0.792,0.667,0.983,0.017,0.475,0.662,0.475,45,1,44,45,148,4.675,0.785,3.088,0.792,0.792,3.7,1.225,1.961,2.333,4.353,0.917,0.729,0.642,0.9,0.183,0.169,0.226,0.133,0.25,0.246,0.221,0.25,21.05,16.375,12.356,12.863,0.6,0.575,-0.025,0,0,9.25,2.882,6.368,15,15,0.4,0.667,1,1,1,3,3,1,1,1,1,3,3,1,6,6,0,-0.279411764705882,0,-11.75,0,-11.4705882352941
"93","5fb2727f2942a58418fd0d2b",3,5,5,5,2,2,2,2,5,4,4,5,1,2,2,1,1,7,7,5,6,18,8,18,44,2,-8,2,-4,5,9,18,32,-7,-3,6,14,240,0.494,0.506,0.0625,0.05,0.95,0.9375,0.7,0.8,0.5,0.5,0.05625,0.483,0.006,50,26,24,14,219,0.204,8.859,7.859,0.662,0.654,0.077,0.026,2.748,3.154,5.173,0.76,0.649,0.588,0.684,0.6,0.421,0.412,0.526,0.208,0.237,0.212,0.237,45.6,45.567,2.939,3.044,0.659,0.615,-0.043,-0.08,0.083,-0.071,-0.2,0.292,14,14,0.467,0.467,3,3,3,3,3,3,3,3,2,4,4,2,12,12,0,-10.152600170503,0.0416666666666667,-15.5294117647059,0.0434782608695652,-5.375
"94","5fb50f40340ae6117b78fa62",4,3,5,7,1,1,1,2,5,6,6,6,4,6,2,2,1,1,6,5,2,19,5,23,47,3,-11,7,-1,12,4,13,29,0,-8,1,12,240,0.5,0.5,0,0,1,1,0.7,0.867,0.5,0.5,0,0.621,0,47,1,46,43,7,7.162,2.508,1.952,0.758,0.796,1.917,0.243,1.462,1.523,3.533,0.796,0.74,0.621,0.879,0.574,0.52,0.517,0.414,0.225,0.208,0.242,0.242,15.162,17.863,11.521,14.424,0.7,0.7,0,1,-1.96,4,4.833,-3.793,12,12,0.7,0.567,3,2,3,2,2,2,3,2,1,2,2,1,10,9,-1,-3.83083333333333,7.16,-11.4,6.91666666666667,-7.8125
"95","5fbae815234c06b97ab0e8fe",1,5,4,3,2,5,5,3,7,7,7,6,3,2,2,1,1,2,7,5,5,13,15,27,55,-3,-1,11,7,7,4,17,28,-5,-8,5,9,240,0.637,0.363,0.3125,0.5875,0.4125,0.6875,0.757,0.522,0.625,0.375,0.45,0.854,0.137,33,1,32,29,5,4.967,0.94,3.128,0.604,0.721,0.743,3.115,2.593,2.526,4.545,0.789,0.591,0.395,0.684,0.228,0.341,0.512,0.561,0.237,0.183,0.179,0.237,10.554,12.558,6.35,9.211,0.78,0.692,-0.088,-2.269,-1.286,3.667,8.25,-3.6,15,9,0.667,0.833,4,4,4,4,4,4,4,4,2,4,4,2,16,16,0,3.19557692307692,4.04,-7.1875,3.07692307692308,-11.3461538461538
"96","5fbd433cb6d9240ba9c55548",3,3,6,3,1,3,3,3,6,6,5,7,4,6,2,1,1,2,6,2,6,15,10,24,49,-1,-6,8,1,12,4,14,30,0,-8,2,15,240,0.519,0.481,0.075,0.1125,0.8875,0.925,0.771,0.64,0.492,0.508,0.09375,0.271,0.019,45,1,44,44,3,5.375,4.311,5.773,0.671,0.729,1.538,1.462,1.38,2,4.009,0.898,0.385,0.618,0.754,0.39,0.481,0.527,0.491,0.246,0.217,0.229,0.237,17.454,17.936,11.2,12.827,0.7,0.65,-0.05,0.222,1.6,-5.5,-6.929,2.806,15,15,0.667,0.6,3,5,4,3,2,4,3,3,4,4,2,2,15,12,-3,-2.5890537084399,3.92,-10.6,4.69565217391304,-7.23529411764706
"97","5fbe8cb69d4fac0008861fb5",5,5,6,6,1,1,2,3,7,7,6,6,4,4,5,1,2,6,7,5,1,22,7,26,55,6,-9,10,7,13,9,13,35,1,-3,1,12,240,0.75,0.25,0.1125,0.6125,0.3875,0.8875,0.722,0.833,0.783,0.217,0.3625,0.571,0.25,50,3,47,46,3,8.092,3.039,11.003,0.75,0.729,0.622,0.886,2.202,2.079,4.085,0.793,0.722,0.75,0.717,0.328,0.315,0.283,0.4,0.242,0.225,0.25,0.25,33.488,34.712,10.885,11.747,0.725,0.775,0.05,-2.269,1.808,7.455,-1.778,13.309,12,12,0.733,0.6,4,4,4,4,3,2,3,5,2,4,4,2,16,13,-3,-3.19,5.64,-25.1333333333333,-0.791666666666667,-28.375
"98","5fc0c541c266bd597b286e98",7,6,7,6,6,6,6,6,6,6,6,6,6,7,6,1,2,2,7,5,2,26,24,24,74,10,8,8,26,19,5,14,38,7,-7,2,13,240,0.438,0.562,0.1375,0.0125,0.9875,0.8625,0.6,0.725,0.5,0.5,0.075,0.679,0.062,34,5,29,29,76,4.433,2.005,0.892,0.775,0.779,0.595,2.405,2.3,2.061,4.073,0.887,0.655,0.708,0.833,0.566,0.603,0.479,0.55,0.221,0.242,0.2,0.25,17.638,19.773,5.443,7.929,0.625,0.65,0.025,-0.818,-4.87,-0.267,1.643,-5.961,14,13,0.7,0.667,1,1,1,1,1,1,1,1,2,3,1,2,4,4,0,7.63998036632308,3.09090909090909,-4.55555555555556,6.52173913043478,-8.76470588235294
"99","5fc185a6c37dd823c306b4f1",3,2,5,2,1,1,3,3,7,7,6,7,1,5,4,1,1,4,2,6,5,12,8,27,47,-4,-8,11,-1,10,6,13,29,-2,-6,1,14,240,0.5,0.5,0.5625,0.5625,0.4375,0.4375,0.812,0.643,0.483,0.517,0.5625,0.529,0,42,2,40,34,48,5.808,2.567,4.046,0.762,0.762,1.946,3.105,2.206,3.128,5.135,0.867,0.733,0.661,0.778,0.35,0.683,0.627,0.333,0.25,0.25,0.246,0.225,13.454,15.792,7.598,12.307,0.825,0.75,-0.075,-1.667,-4.286,-3.143,0.2,-5.962,13,14,0.6,0.6,4,3,3,5,3,3,2,4,5,4,4,2,15,12,-3,-1.64204545454545,8,-7.45454545454545,3.875,-9.9375
"100","5fce7885f324540ad64e2297",3,5,5,5,1,3,3,3,6,5,5,6,3,4,4,3,2,3,5,5,5,18,10,22,50,2,-6,6,2,11,8,15,34,-1,-4,3,11,240,0.562,0.438,0.1,0.225,0.775,0.9,0.767,0.733,0.583,0.417,0.1625,0.167,0.062,35,18,17,16,79,1.1,9.608,5.239,0.604,0.608,0.079,0.263,2.196,2.741,4.758,0.8,0.583,0.595,0.564,0.5,0.458,0.429,0.455,0.208,0.1,0.175,0.229,26.221,26.464,2.926,3.343,0.7,0.725,0.025,0.222,0.571,-0.273,-0.6,0.676,8,11,0.833,0.667,4,4,4,4,2,2,2,2,2,4,2,2,16,8,-8,9.125,-10.1666666666667,-29.75,-6,-34.7083333333333
"101","5fd65131d3a6cd52cea2e57a",5,5,5,5,3,5,3,5,5,5,5,5,1,6,3,1,1,1,6,2,3,20,16,20,56,4,0,4,8,10,3,11,24,-2,-9,-1,14,240,0.5,0.5,0,0,1,1,0.7,0.6,0.5,0.5,0,0.454,0,7,1,6,7,174,0.288,0.084,0.04,0.458,0.479,0.075,0.026,2.863,2.479,4.49,0.438,0.512,0,0.519,0.625,0.537,0,0.481,0.067,0.171,0,0.225,3.092,2.88,0.926,0.967,0.366,0.564,0.198,-0.071,-0.048,-0.077,0.118,-0.171,15,14,0.433,0.533,2,2,2,2,2,2,2,2,2,1,2,1,8,8,0,0.0775303643724696,-0.153846153846154,-0.5,-0.526315789473684,-0.95
